Item,Summary,Context,Matches
proven headline,"The 297 proven headlines are brand new for the reader and should not be used word-for-word from another ad.

The 297 proven headlines are brand new for the reader and should not be used word-for-word from another ad. SUMMARY: Proven headlines, though original, shouldn't be copied verbatim from other ads. The 297 headline variations provide unique content that","Now, I am not suggesting you use these phrases as headlines in your ads. (You can use any of the 297 variations in the first 20 chapters; they’re brand
new, just for you. But don’t use any of the original proven headlines word-
for-word.) In fact, my advice is never to use a headline or title from another
ad word-for-word as the headline for your ad. And that goes especially for
song titles, since the Recording Industry Association of America is pretty


PROVEN HEADLINE: “WHY SOME PEOPLE ALMOST
ALWAYS MAKE MONEY IN THE STOCK MARKET”
 
 
 
 
 
 
 
 
 
 
 
 
 
 
 
 
 
 
 
 
 
 
 
 
 


PROVEN HEADLINE: “FIVE FAMILIAR SKIN TROUBLES
— WHICH DO YOU WANT TO OVERCOME?”
 
 
 
 
 
 
 
 
 
 
 
 
 
 
 
 
 
 
 
 
 
 
 
 
 
",27
PROVEN HEADLINE,"The context suggests that the author does not recommend using proven headlines from other advertisements as a headline for your ad, especially song titles. The summary should be concise and retain the key points of the original text.
The author advises against using proven headlines word-for-word in ads due to copyright concerns, particularly with song titles by the Recording Industry Association of America. The context emphasizes that the author's advice is not","Now, I am not suggesting you use these phrases as headlines in your ads. (You can use any of the 297 variations in the first 20 chapters; they’re brand
new, just for you. But don’t use any of the original proven headlines word-
for-word.) In fact, my advice is never to use a headline or title from another
ad word-for-word as the headline for your ad. And that goes especially for
song titles, since the Recording Industry Association of America is pretty


PROVEN HEADLINE: “WHY SOME PEOPLE ALMOST
ALWAYS MAKE MONEY IN THE STOCK MARKET”
 
 
 
 
 
 
 
 
 
 
 
 
 
 
 
 
 
 
 
 
 
 
 
 
 


PROVEN HEADLINE: “FIVE FAMILIAR SKIN TROUBLES
— WHICH DO YOU WANT TO OVERCOME?”
 
 
 
 
 
 
 
 
 
 
 
 
 
 
 
 
 
 
 
 
 
 
 
 
 
",27
